"Отметка времени","Ваш возраст?","Укажите, пожалуйста, Ваш пол","Пользуетесь ли вы онлайн-магазинами цифровой техники? ","Что вы обычно используете для просмотра интернет-магазинов ? ","Какими интернет-магазины цифровой техники пользуетесь? ","Основные причины покупки товаров в интернет-магазинах ? ","Способы доставки из интернет-магазинов которыми Вы пользуетесь ?","Чего вам не хватает в онлайн-магазинах цифровой техники?"
"2019/09/13 9:04:18 PM GMT+3","от 18 до 21","Женский","Да","Ноутбук;Мобильный телефон","21vek.by;5element.by","Удобно","Доставка курьером",""
"2019/09/13 9:09:22 PM GMT+3","от 18 до 21","Мужской","Да","Ноутбук;Мобильный телефон","Онлайнер","Удобно","Доставка курьером","Удобства"
"2019/09/13 9:09:36 PM GMT+3","и 35 больше","Мужской","Да","Персональный компьютер","kst.by;techshop.by","есть доставка","Доставка курьером",""
"2019/09/13 9:10:57 PM GMT+3","от 18 до 21","Мужской","Да","Ноутбук;Персональный компьютер","TTN.by;techshop.by;21vek.by;5element.by","Удобно","Доставка курьером;Самовывоз",""
"2019/09/13 9:20:45 PM GMT+3","от 18 до 21","Мужской","Да","Ноутбук;Мобильный телефон","TTN.by;kst.by","Дешевле","Самовывоз",""
"2019/09/13 9:21:34 PM GMT+3","от 18 до 21","Мужской","Да","все, что нужно","TTN.by;21vek.by;5element.by","доступность, низкая цена","Доставка курьером",""
"2019/09/13 9:22:24 PM GMT+3","от 18 до 21","Мужской","Да","Персональный компьютер","5element.by","лень ехать в магаз","Доставка курьером","Сравнения"
"2019/09/13 9:32:18 PM GMT+3","от 18 до 21","Мужской","Да","Ноутбук;Мобильный телефон","21vek.by","-","Доставка курьером;Самовывоз",""
"2019/09/13 11:35:00 PM GMT+3","и 35 больше","Женский","Нет","Планшет","21vek.by;5element.by","-","Самовывоз",""
"2019/09/13 11:37:55 PM GMT+3","и 35 больше","Мужской","Да","Планшет","21vek.by;5element.by","цена","Доставка курьером","рассрочки без посещения магазина лично"